bg_geoid,bg_name,area_km2,centroid_lat,centroid_lng
110010001011,"BG 1, Tract 1.01",0.205,38.908632,-77.05459
110010001021,"BG 1, Tract 1.02",0.818,38.914148,-77.061321
110010001022,"BG 2, Tract 1.02",0.1943,38.909116,-77.060659
110010001023,"BG 3, Tract 1.02",1.2108,38.899163,-77.061333
110010002011,"BG 1, Tract 2.01",0.2091,38.910047,-77.076362
110010002012,"BG 2, Tract 2.01",0.2959,38.908631,-77.072915
110010002021,"BG 1, Tract 2.02",0.192,38.913017,-77.068542
110010002022,"BG 2, Tract 2.02",0.1356,38.909191,-77.066706
110010002023,"BG 3, Tract 2.02",0.1545,38.906427,-77.066005
110010002024,"BG 4, Tract 2.02",0.734,38.903762,-77.070932
110010003001,"BG 1, Tract 3.00",0.2501,38.916533,-77.071332
110010003002,"BG 2, Tract 3.00",0.119,38.920776,-77.079784
110010003003,"BG 3, Tract 3.00",0.5116,38.916263,-77.07711
110010003004,"BG 4, Tract 3.00",0.1638,38.920772,-77.075423
110010004001,"BG 1, Tract 4.00",0.5362,38.92744,-77.069933
110010004002,"BG 2, Tract 4.00",1.0051,38.921945,-77.063748
110010005011,"BG 1, Tract 5.01",0.6462,38.928547,-77.050355
110010005012,"BG 2, Tract 5.01",0.0377,38.924493,-77.056919
110010005013,"BG 3, Tract 5.01",0.2858,38.922252,-77.053938
110010005021,"BG 1, Tract 5.02",0.4054,38.927602,-77.060131
110010005022,"BG 2, Tract 5.02",0.1761,38.930088,-77.058253
110010006001,"BG 1, Tract 6.00",0.2139,38.938904,-77.063522
110010006002,"BG 2, Tract 6.00",0.4585,38.933527,-77.062074
110010006003,"BG 3, Tract 6.00",0.1744,38.933146,-77.069373
110010006004,"BG 4, Tract 6.00",0.595,38.938402,-77.07013
110010007021,"BG 1, Tract 7.02",0.1523,38.923834,-77.080121
110010007022,"BG 2, Tract 7.02",0.0797,38.924414,-77.074493
110010007023,"BG 3, Tract 7.02",0.077,38.924412,-77.077001
110010007031,"BG 1, Tract 7.03",0.0941,38.931009,-77.078691
110010007032,"BG 2, Tract 7.03",0.1381,38.927789,-77.079289
110010007041,"BG 1, Tract 7.04",0.1746,38.93186,-77.075136
110010007042,"BG 2, Tract 7.04",0.1577,38.927985,-77.075352
110010008021,"BG 1, Tract 8.02",1.624,38.909337,-77.089462
110010008022,"BG 2, Tract 8.02",0.7346,38.913383,-77.082812
110010008031,"BG 1, Tract 8.03",0.1205,38.935549,-77.084957
110010008032,"BG 2, Tract 8.03",0.0996,38.933324,-77.082805
110010008033,"BG 3, Tract 8.03",0.0881,38.931394,-77.082369
110010008041,"BG 1, Tract 8.04",0.8792,38.92475,-77.09355
110010008042,"BG 2, Tract 8.04",0.7579,38.916545,-77.098016
110010008043,"BG 3, Tract 8.04",1.0976,38.926833,-77.086327
110010009021,"BG 1, Tract 9.02",0.4441,38.92753,-77.098744
110010009022,"BG 2, Tract 9.02",1.7303,38.928154,-77.109712
110010009031,"BG 1, Tract 9.03",0.304,38.93733,-77.090001
110010009032,"BG 2, Tract 9.03",0.6241,38.937854,-77.094953
110010009041,"BG 1, Tract 9.04",0.6461,38.93239,-77.104168
110010009042,"BG 2, Tract 9.04",1.4538,38.940907,-77.103446
110010010021,"BG 1, Tract 10.02",0.3682,38.938751,-77.081601
110010010022,"BG 2, Tract 10.02",0.2994,38.939694,-77.078193
110010010023,"BG 3, Tract 10.02",0.0667,38.938137,-77.075823
110010010024,"BG 4, Tract 10.02",0.1554,38.935312,-77.075108
110010010031,"BG 1, Tract 10.03",0.3352,38.949429,-77.094219
110010010032,"BG 2, Tract 10.03",0.2951,38.953035,-77.092199
110010010033,"BG 3, Tract 10.03",0.3521,38.945869,-77.092718
110010010041,"BG 1, Tract 10.04",0.2776,38.956944,-77.086724
110010010042,"BG 2, Tract 10.04",0.4956,38.951094,-77.084802
110010010043,"BG 3, Tract 10.04",0.6987,38.943866,-77.085274
110010011001,"BG 1, Tract 11.00",0.4237,38.962359,-77.077163
110010011002,"BG 2, Tract 11.00",0.4704,38.958681,-77.081218
110010011003,"BG 3, Tract 11.00",0.1598,38.957096,-77.073026
110010011004,"BG 4, Tract 11.00",0.6227,38.952714,-77.076535
110010012001,"BG 1, Tract 12.00",0.1927,38.951027,-77.070916
110010012002,"BG 2, Tract 12.00",0.1792,38.948755,-77.071407
110010012003,"BG 3, Tract 12.00",0.1973,38.947072,-77.071711
110010012004,"BG 4, Tract 12.00",0.65,38.943841,-77.0698
110010013011,"BG 1, Tract 13.01",2.1223,38.953679,-77.051298
110010013012,"BG 2, Tract 13.01",0.5429,38.955107,-77.062587
110010013013,"BG 3, Tract 13.01",0.0941,38.953406,-77.067017
110010013014,"BG 4, Tract 13.01",0.1227,38.950836,-77.064573
110010013031,"BG 1, Tract 13.03",0.0457,38.944713,-77.061612
110010013032,"BG 2, Tract 13.03",0.0312,38.943777,-77.061862
110010013033,"BG 3, Tract 13.03",0.4818,38.943931,-77.054691
110010013034,"BG 4, Tract 13.03",0.3361,38.945586,-77.059496
110010013041,"BG 1, Tract 13.04",0.1646,38.934008,-77.055764
110010013042,"BG 2, Tract 13.04",0.0339,38.940149,-77.060185
110010013043,"BG 3, Tract 13.04",0.0643,38.937657,-77.057453
110010013044,"BG 4, Tract 13.04",0.4538,38.93745,-77.053604
110010014011,"BG 1, Tract 14.01",0.3574,38.963218,-77.068472
110010014012,"BG 2, Tract 14.01",0.4307,38.967035,-77.07238
110010014021,"BG 1, Tract 14.02",0.3374,38.963051,-77.060488
110010014022,"BG 2, Tract 14.02",0.3597,38.959511,-77.061841
110010014023,"BG 3, Tract 14.02",0.1981,38.958427,-77.069803
110010015001,"BG 1, Tract 15.00",3.1426,38.974019,-77.050097
110010015002,"BG 2, Tract 15.00",0.3169,38.967762,-77.065103
110010015003,"BG 3, Tract 15.00",0.285,38.971369,-77.058288
110010015004,"BG 4, Tract 15.00",0.6597,38.975651,-77.059166
110010015005,"BG 5, Tract 15.00",0.3203,38.971958,-77.066984
110010016001,"BG 1, Tract 16.00",0.4816,38.986281,-77.032707
110010016002,"BG 2, Tract 16.00",0.1935,38.980024,-77.028671
110010016003,"BG 3, Tract 16.00",0.3549,38.980395,-77.033438
110010016004,"BG 4, Tract 16.00",1.6454,38.98557,-77.041306
110010017021,"BG 1, Tract 17.02",0.4192,38.972646,-77.019851
110010017022,"BG 2, Tract 17.02",0.52,38.970979,-77.013019
110010018031,"BG 1, Tract 18.03",1.0189,38.9674,-77.040447
110010018032,"BG 2, Tract 18.03",0.0904,38.963852,-77.034873
110010018033,"BG 3, Tract 18.03",0.0589,38.966451,-77.034857
110010018041,"BG 1, Tract 18.04",0.1942,38.969555,-77.031552
110010018042,"BG 2, Tract 18.04",0.2286,38.967187,-77.028608
110010018043,"BG 3, Tract 18.04",0.179,38.964307,-77.031551
110010019011,"BG 1, Tract 19.01",0.235,38.9611,-77.023384
110010019012,"BG 2, Tract 19.01",0.1713,38.963822,-77.023849
110010019013,"BG 3, Tract 19.01",0.1731,38.966115,-77.023751
110010019014,"BG 4, Tract 19.01",0.1898,38.968599,-77.023638
110010019021,"BG 1, Tract 19.02",0.427,38.961341,-77.015394
110010019022,"BG 2, Tract 19.02",0.4503,38.966385,-77.015884
110010020011,"BG 1, Tract 20.01",0.1353,38.959869,-77.031813
110010020012,"BG 2, Tract 20.01",0.4985,38.959206,-77.037046
110010020021,"BG 1, Tract 20.02",0.3439,38.949793,-77.032184
110010020022,"BG 2, Tract 20.02",0.1416,38.958072,-77.029917
110010020023,"BG 3, Tract 20.02",0.3639,38.952893,-77.030495
110010021011,"BG 1, Tract 21.01",0.1827,38.958656,-77.024873
110010021012,"BG 2, Tract 21.01",0.0855,38.956388,-77.021961
110010021013,"BG 3, Tract 21.01",0.1317,38.953671,-77.021832
110010021014,"BG 4, Tract 21.01",0.1188,38.953579,-77.025783
110010021015,"BG 5, Tract 21.01",0.0823,38.956277,-77.026031
110010021021,"BG 1, Tract 21.02",0.167,38.958569,-77.01346
110010021022,"BG 2, Tract 21.02",0.1341,38.954947,-77.010373
110010021023,"BG 3, Tract 21.02",0.0981,38.955123,-77.012622
110010021024,"BG 4, Tract 21.02",0.1276,38.954964,-77.014806
110010021025,"BG 5, Tract 21.02",0.0813,38.953252,-77.017837
110010021026,"BG 6, Tract 21.02",0.118,38.955982,-77.017965
110010022011,"BG 1, Tract 22.01",0.1445,38.950217,-77.02167
110010022012,"BG 2, Tract 22.01",0.1743,38.947484,-77.023421
110010022013,"BG 3, Tract 22.01",0.0963,38.950494,-77.025498
110010022021,"BG 1, Tract 22.02",0.4959,38.948607,-77.012311
110010022022,"BG 2, Tract 22.02",0.0985,38.947916,-77.017679
110010022023,"BG 3, Tract 22.02",0.105,38.950703,-77.017716
110010023011,"BG 1, Tract 23.01",0.1816,38.94202,-77.018199
110010023012,"BG 2, Tract 23.01",0.2261,38.942979,-77.0153
110010023021,"BG 1, Tract 23.02",0.2185,38.928784,-77.014584
110010023022,"BG 2, Tract 23.02",0.4124,38.931865,-77.004825
110010023023,"BG 3, Tract 23.02",1.3853,38.935287,-77.012126
110010024001,"BG 1, Tract 24.00",0.0987,38.937815,-77.021977
110010024002,"BG 2, Tract 24.00",0.2152,38.944611,-77.022881
110010024003,"BG 3, Tract 24.00",0.1075,38.941991,-77.0226
110010024004,"BG 4, Tract 24.00",0.135,38.940005,-77.021808
110010025011,"BG 1, Tract 25.01",0.3157,38.944354,-77.029685
110010025012,"BG 2, Tract 25.01",0.2277,38.945064,-77.034577
110010025031,"BG 1, Tract 25.03",0.1413,38.940226,-77.027397
110010025032,"BG 2, Tract 25.03",0.1508,38.937149,-77.026964
110010025041,"BG 1, Tract 25.04",0.1508,38.939273,-77.031178
110010025042,"BG 2, Tract 25.04",0.1609,38.939616,-77.034566
110010026001,"BG 1, Tract 26.00",0.8186,38.939364,-77.044452
110010026002,"BG 2, Tract 26.00",1.3476,38.948896,-77.041195
110010027021,"BG 1, Tract 27.02",0.0775,38.93044,-77.037707
110010027022,"BG 2, Tract 27.02",0.2158,38.931025,-77.04457
110010027023,"BG 3, Tract 27.02",0.0856,38.93063,-77.040059
110010027024,"BG 4, Tract 27.02",0.1073,38.928037,-77.039901
110010027031,"BG 1, Tract 27.03",0.036,38.934576,-77.037474
110010027032,"BG 2, Tract 27.03",0.1278,38.933186,-77.040383
110010027041,"BG 1, Tract 27.04",0.242,38.934618,-77.044199
110010027042,"BG 2, Tract 27.04",0.0558,38.936482,-77.037607
110010028011,"BG 1, Tract 28.01",0.0666,38.933466,-77.034502
110010028012,"BG 2, Tract 28.01",0.1053,38.935884,-77.034526
110010028021,"BG 1, Tract 28.02",0.1404,38.930645,-77.034701
110010028022,"BG 2, Tract 28.02",0.0335,38.926864,-77.034211
110010028023,"BG 3, Tract 28.02",0.0558,38.927934,-77.034715
110010029001,"BG 1, Tract 29.00",0.1306,38.933978,-77.028105
110010029002,"BG 2, Tract 29.00",0.1701,38.933748,-77.031302
110010030001,"BG 1, Tract 30.00",0.114,38.929877,-77.029998
110010030002,"BG 2, Tract 30.00",0.0966,38.92768,-77.029898
110010031001,"BG 1, Tract 31.00",0.1213,38.928424,-77.025285
110010031002,"BG 2, Tract 31.00",0.1755,38.932133,-77.025519
110010032001,"BG 1, Tract 32.00",0.0994,38.935884,-77.021636
110010032002,"BG 2, Tract 32.00",0.0966,38.933802,-77.021248
110010032003,"BG 3, Tract 32.00",0.1265,38.93146,-77.021223
110010032004,"BG 4, Tract 32.00",0.1254,38.928926,-77.020648
110010033011,"BG 1, Tract 33.01",0.255,38.922295,-77.010548
110010033012,"BG 2, Tract 33.01",0.1028,38.916915,-77.011925
110010033013,"BG 3, Tract 33.01",0.0842,38.919327,-77.013491
110010033021,"BG 1, Tract 33.02",0.1094,38.914929,-77.011442
110010033022,"BG 2, Tract 33.02",0.0949,38.912765,-77.010852
110010034001,"BG 1, Tract 34.00",0.1055,38.917723,-77.016073
110010034002,"BG 2, Tract 34.00",0.3159,38.92147,-77.020339
110010034003,"BG 3, Tract 34.00",0.1612,38.915811,-77.017458
110010034004,"BG 4, Tract 34.00",0.0372,38.926299,-77.021967
110010034005,"BG 5, Tract 34.00",0.4512,38.923925,-77.016005
110010035001,"BG 1, Tract 35.00",0.1238,38.925435,-77.024883
110010035002,"BG 2, Tract 35.00",0.1149,38.921603,-77.025362
110010035003,"BG 3, Tract 35.00",0.1433,38.920354,-77.023053
110010036001,"BG 1, Tract 36.00",0.0761,38.922063,-77.030862
110010036002,"BG 2, Tract 36.00",0.0735,38.925274,-77.030995
110010036003,"BG 3, Tract 36.00",0.156,38.923706,-77.028381
110010037011,"BG 1, Tract 37.01",0.0615,38.922534,-77.033646
110010037012,"BG 2, Tract 37.01",0.1113,38.920849,-77.034644
110010037021,"BG 1, Tract 37.02",0.032,38.924746,-77.035938
110010037022,"BG 2, Tract 37.02",0.0875,38.924962,-77.033833
110010038011,"BG 1, Tract 38.01",0.0455,38.921087,-77.037613
110010038012,"BG 2, Tract 38.01",0.1034,38.919198,-77.039526
110010038021,"BG 1, Tract 38.02",0.0629,38.921609,-77.041262
110010038022,"BG 2, Tract 38.02",0.0913,38.924288,-77.038392
110010038023,"BG 3, Tract 38.02",0.053,38.922319,-77.038729
110010039011,"BG 1, Tract 39.01",0.0456,38.926523,-77.038653
110010039012,"BG 2, Tract 39.01",0.0751,38.924856,-77.04099
110010039021,"BG 1, Tract 39.02",0.2285,38.925662,-77.045953
110010039022,"BG 2, Tract 39.02",0.0492,38.924741,-77.043314
110010040011,"BG 1, Tract 40.01",0.0885,38.921874,-77.044848
110010040012,"BG 2, Tract 40.01",0.0437,38.91818,-77.046261
110010040013,"BG 3, Tract 40.01",0.0523,38.919693,-77.047102
110010040014,"BG 4, Tract 40.01",0.0889,38.921439,-77.04797
110010040021,"BG 1, Tract 40.02",0.0424,38.920743,-77.042971
110010040022,"BG 2, Tract 40.02",0.0838,38.918096,-77.043023
110010040023,"BG 3, Tract 40.02",0.0686,38.916523,-77.045038
110010041001,"BG 1, Tract 41.00",0.1038,38.915375,-77.048232
110010041002,"BG 2, Tract 41.00",0.296,38.918057,-77.05223
110010041003,"BG 3, Tract 41.00",0.3962,38.913946,-77.052709
110010042011,"BG 1, Tract 42.01",0.0901,38.916467,-77.037466
110010042012,"BG 2, Tract 42.01",0.0472,38.917163,-77.039736
110010042013,"BG 3, Tract 42.01",0.0673,38.91519,-77.040068
110010042021,"BG 1, Tract 42.02",0.1112,38.912447,-77.042452
110010042022,"BG 2, Tract 42.02",0.0964,38.914504,-77.043687
110010043001,"BG 1, Tract 43.00",0.0416,38.915191,-77.035523
110010043002,"BG 2, Tract 43.00",0.0688,38.918385,-77.033196
110010043003,"BG 3, Tract 43.00",0.0539,38.917719,-77.035527
110010043004,"BG 4, Tract 43.00",0.0723,38.915544,-77.033246
110010044011,"BG 1, Tract 44.01",0.0916,38.918839,-77.028316
110010044012,"BG 2, Tract 44.01",0.0737,38.918644,-77.030761
110010044013,"BG 3, Tract 44.01",0.0816,38.918542,-77.025795
110010044021,"BG 1, Tract 44.02",0.1377,38.915545,-77.029495
110010044022,"BG 2, Tract 44.02",0.1371,38.915485,-77.024565
110010046001,"BG 1, Tract 46.00",0.141,38.909129,-77.010722
110010046002,"BG 2, Tract 46.00",0.2964,38.910039,-77.014526
110010047021,"BG 1, Tract 47.02",0.1827,38.900423,-77.011198
110010047022,"BG 2, Tract 47.02",0.0688,38.901082,-77.014858
110010047023,"BG 3, Tract 47.02",0.017,38.901921,-77.016914
110010047024,"BG 4, Tract 47.02",0.04,38.901992,-77.019457
110010047025,"BG 5, Tract 47.02",0.0179,38.900929,-77.017228
110010047031,"BG 1, Tract 47.03",0.0171,38.903125,-77.016906
110010047032,"BG 2, Tract 47.03",0.0403,38.903053,-77.019447
110010047033,"BG 3, Tract 47.03",0.0168,38.904103,-77.017229
110010047034,"BG 4, Tract 47.03",0.0498,38.903727,-77.015151
110010047041,"BG 1, Tract 47.04",0.0936,38.904082,-77.010618
110010047042,"BG 2, Tract 47.04",0.1049,38.904998,-77.012243
110010048011,"BG 1, Tract 48.01",0.0808,38.910661,-77.020881
110010048012,"BG 2, Tract 48.01",0.0899,38.914266,-77.020361
110010048013,"BG 3, Tract 48.01",0.1465,38.910789,-77.018285
110010048021,"BG 1, Tract 48.02",0.1401,38.906459,-77.017216
110010048022,"BG 2, Tract 48.02",0.1486,38.905978,-77.020472
110010049011,"BG 1, Tract 49.01",0.0843,38.913204,-77.024296
110010049012,"BG 2, Tract 49.01",0.0684,38.910306,-77.022908
110010049013,"BG 3, Tract 49.01",0.1192,38.910591,-77.025503
110010049021,"BG 1, Tract 49.02",0.0657,38.907906,-77.024478
110010049022,"BG 2, Tract 49.02",0.0785,38.906443,-77.024478
110010049023,"BG 3, Tract 49.02",0.1197,38.904413,-77.024291
110010050011,"BG 1, Tract 50.01",0.1042,38.911992,-77.028297
110010050012,"BG 2, Tract 50.01",0.0968,38.911929,-77.030813
110010050031,"BG 1, Tract 50.03",0.051,38.908386,-77.030838
110010050032,"BG 2, Tract 50.03",0.0432,38.906244,-77.03067
110010050041,"BG 1, Tract 50.04",0.0397,38.906444,-77.028329
110010050042,"BG 2, Tract 50.04",0.0723,38.908669,-77.028507
110010050043,"BG 3, Tract 50.04",0.0312,38.904993,-77.028179
110010052021,"BG 1, Tract 52.02",0.037,38.910389,-77.033254
110010052022,"BG 2, Tract 52.02",0.1351,38.910515,-77.035517
110010052023,"BG 3, Tract 52.02",0.0742,38.912609,-77.033251
110010052031,"BG 1, Tract 52.03",0.0222,38.907732,-77.033322
110010052032,"BG 2, Tract 52.03",0.0384,38.908859,-77.033218
110010052033,"BG 3, Tract 52.03",0.0328,38.90651,-77.032938
110010053021,"BG 1, Tract 53.02",0.0493,38.913301,-77.038262
110010053022,"BG 2, Tract 53.02",0.0281,38.911868,-77.0375
110010053023,"BG 3, Tract 53.02",0.0402,38.911818,-77.039914
110010053031,"BG 1, Tract 53.03",0.0413,38.908528,-77.037405
110010053032,"BG 2, Tract 53.03",0.0875,38.910379,-77.039581
110010053033,"BG 3, Tract 53.03",0.04,38.909058,-77.040074
110010055011,"BG 1, Tract 55.01",0.0912,38.906317,-77.048983
110010055012,"BG 2, Tract 55.01",0.0736,38.903986,-77.049989
110010055021,"BG 1, Tract 55.02",0.1558,38.911189,-77.046158
110010055022,"BG 2, Tract 55.02",0.0498,38.90844,-77.047718
110010055023,"BG 3, Tract 55.02",0.0456,38.90862,-77.045577
110010055031,"BG 1, Tract 55.03",0.0634,38.904425,-77.053211
110010055032,"BG 2, Tract 55.03",0.1546,38.90731,-77.051987
110010056011,"BG 1, Tract 56.01",0.0249,38.901595,-77.05403
110010056012,"BG 2, Tract 56.01",0.0754,38.903188,-77.054614
110010056013,"BG 3, Tract 56.01",0.0864,38.90099,-77.051757
110010056021,"BG 1, Tract 56.02",0.0357,38.898984,-77.051631
110010056022,"BG 2, Tract 56.02",0.0619,38.897182,-77.051501
110010056023,"BG 3, Tract 56.02",0.1821,38.899992,-77.055663
110010058011,"BG 1, Tract 58.01",0.0744,38.894733,-77.020598
110010058012,"BG 2, Tract 58.01",0.1585,38.898893,-77.020468
110010058021,"BG 1, Tract 58.02",0.113,38.898402,-77.028287
110010058022,"BG 2, Tract 58.02",0.1423,38.897673,-77.031395
110010058023,"BG 3, Tract 58.02",0.08,38.895326,-77.026296
110010058024,"BG 4, Tract 58.02",0.0503,38.894857,-77.022902
110010058025,"BG 5, Tract 58.02",0.2969,38.899182,-77.024314
110010059001,"BG 1, Tract 59.00",0.0241,38.900244,-77.01768
110010059002,"BG 2, Tract 59.00",0.6179,38.895829,-77.014841
110010064001,"BG 1, Tract 64.00",0.1682,38.874737,-77.011605
110010064002,"BG 2, Tract 64.00",0.7668,38.867204,-77.011545
110010065001,"BG 1, Tract 65.00",0.1555,38.885556,-77.001186
110010065002,"BG 2, Tract 65.00",0.3537,38.883097,-77.004274
110010066001,"BG 1, Tract 66.00",0.1599,38.888747,-76.998747
110010066002,"BG 2, Tract 66.00",0.1253,38.886497,-76.997602
110010067001,"BG 1, Tract 67.00",0.1457,38.888164,-76.986122
110010067002,"BG 2, Tract 67.00",0.1148,38.887371,-76.989982
110010067003,"BG 3, Tract 67.00",0.1678,38.887263,-76.993276
110010068011,"BG 1, Tract 68.01",0.1539,38.887501,-76.978922
110010068012,"BG 2, Tract 68.01",0.0908,38.888149,-76.982121
110010068021,"BG 1, Tract 68.02",0.106,38.885123,-76.981256
110010068022,"BG 2, Tract 68.02",0.1741,38.882054,-76.981565
110010068041,"BG 1, Tract 68.04",2.0199,38.88792,-76.971256
110010069001,"BG 1, Tract 69.00",0.2429,38.88457,-76.988301
110010069002,"BG 2, Tract 69.00",0.1556,38.882324,-76.985767
110010070001,"BG 1, Tract 70.00",0.1876,38.881327,-76.998649
110010070002,"BG 2, Tract 70.00",0.2518,38.881227,-76.99393
110010071001,"BG 1, Tract 71.00",0.5155,38.875959,-76.986545
110010071002,"BG 2, Tract 71.00",0.1195,38.880342,-76.990012
110010071003,"BG 3, Tract 71.00",0.117,38.879483,-76.985817
110010072011,"BG 1, Tract 72.01",0.1574,38.87393,-77.007541
110010072012,"BG 2, Tract 72.01",0.1744,38.874135,-76.999748
110010072013,"BG 3, Tract 72.01",0.4276,38.873132,-76.99472
110010072014,"BG 4, Tract 72.01",0.3343,38.872651,-77.004192
110010072021,"BG 1, Tract 72.02",0.048,38.876997,-77.006753
110010072022,"BG 2, Tract 72.02",0.0723,38.878383,-77.006991
110010072023,"BG 3, Tract 72.02",0.0636,38.88018,-77.007412
110010072031,"BG 1, Tract 72.03",0.049,38.87701,-77.001949
110010072032,"BG 2, Tract 72.03",0.1742,38.877666,-76.996029
110010072033,"BG 3, Tract 72.03",0.0286,38.88009,-77.004493
110010072034,"BG 4, Tract 72.03",0.1324,38.878869,-77.00204
110010073011,"BG 1, Tract 73.01",3.2759,38.836262,-77.028154
110010073012,"BG 2, Tract 73.01",2.1737,38.825257,-77.027998
110010073013,"BG 3, Tract 73.01",4.3737,38.851633,-77.016141
110010073041,"BG 1, Tract 73.04",0.1056,38.842564,-76.989917
110010073042,"BG 2, Tract 73.04",0.1481,38.841247,-76.992096
110010073043,"BG 3, Tract 73.04",0.1099,38.844031,-76.986336
110010073044,"BG 4, Tract 73.04",0.8781,38.840185,-76.983428
110010074011,"BG 1, Tract 74.01",1.23,38.865398,-76.997241
110010074012,"BG 2, Tract 74.01",0.18,38.857403,-76.995349
110010074031,"BG 1, Tract 74.03",0.1267,38.848101,-76.977409
110010074032,"BG 2, Tract 74.03",0.2042,38.848701,-76.9725
110010074041,"BG 1, Tract 74.04",0.3606,38.851455,-76.9785
110010074042,"BG 2, Tract 74.04",0.2598,38.847714,-76.984062
110010074043,"BG 3, Tract 74.04",0.206,38.851685,-76.985901
110010074061,"BG 1, Tract 74.06",0.1746,38.856877,-76.990256
110010074062,"BG 2, Tract 74.06",0.1855,38.854309,-76.988901
110010074071,"BG 1, Tract 74.07",0.3393,38.85559,-76.980976
110010074072,"BG 2, Tract 74.07",0.1495,38.860523,-76.989753
110010074073,"BG 3, Tract 74.07",0.1198,38.859046,-76.990571
110010074081,"BG 1, Tract 74.08",0.1595,38.850571,-76.968084
110010074082,"BG 2, Tract 74.08",0.2128,38.854061,-76.972532
110010074091,"BG 1, Tract 74.09",0.0842,38.846994,-76.969728
110010074092,"BG 2, Tract 74.09",0.1577,38.845574,-76.973816
110010074093,"BG 3, Tract 74.09",0.1687,38.843989,-76.977381
110010075021,"BG 1, Tract 75.02",0.3023,38.859394,-76.972423
110010075022,"BG 2, Tract 75.02",0.1299,38.857466,-76.968643
110010075023,"BG 3, Tract 75.02",0.2161,38.852949,-76.96678
110010075031,"BG 1, Tract 75.03",0.2939,38.865383,-76.987748
110010075032,"BG 2, Tract 75.03",0.2212,38.862331,-76.986216
110010075041,"BG 1, Tract 75.04",0.6489,38.860341,-76.979467
110010075042,"BG 2, Tract 75.04",0.1151,38.864687,-76.980523
110010076011,"BG 1, Tract 76.01",0.1181,38.873182,-76.974352
110010076012,"BG 2, Tract 76.01",0.1596,38.870328,-76.972784
110010076013,"BG 3, Tract 76.01",0.1707,38.870472,-76.977139
110010076014,"BG 4, Tract 76.01",0.123,38.870163,-76.980532
110010076015,"BG 5, Tract 76.01",0.6855,38.871923,-76.983209
110010076031,"BG 1, Tract 76.03",0.2111,38.863505,-76.951448
110010076032,"BG 2, Tract 76.03",0.3269,38.859232,-76.962915
110010076033,"BG 3, Tract 76.03",0.3859,38.859679,-76.955652
110010076034,"BG 4, Tract 76.03",0.3026,38.855182,-76.962474
110010076041,"BG 1, Tract 76.04",0.1684,38.87022,-76.969439
110010076042,"BG 2, Tract 76.04",0.383,38.868225,-76.964316
110010076043,"BG 3, Tract 76.04",0.2267,38.863235,-76.968108
110010076044,"BG 4, Tract 76.04",0.5914,38.864631,-76.96021
110010076051,"BG 1, Tract 76.05",0.1288,38.866593,-76.976802
110010076052,"BG 2, Tract 76.05",0.084,38.86702,-76.980963
110010076053,"BG 3, Tract 76.05",0.0447,38.86497,-76.974171
110010076054,"BG 4, Tract 76.05",0.1963,38.86551,-76.97205
110010077031,"BG 1, Tract 77.03",0.3724,38.887514,-76.943561
110010077032,"BG 2, Tract 77.03",0.3061,38.885472,-76.947071
110010077033,"BG 3, Tract 77.03",0.2615,38.885196,-76.951468
110010077034,"BG 4, Tract 77.03",0.0786,38.886451,-76.954761
110010077071,"BG 1, Tract 77.07",0.4664,38.877333,-76.938539
110010077072,"BG 2, Tract 77.07",0.1924,38.878073,-76.933312
110010077073,"BG 3, Tract 77.07",0.1839,38.879363,-76.929363
110010077081,"BG 1, Tract 77.08",0.1192,38.88826,-76.956225
110010077082,"BG 2, Tract 77.08",0.7557,38.885058,-76.962539
110010077091,"BG 1, Tract 77.09",0.7596,38.878077,-76.968107
110010077092,"BG 2, Tract 77.09",0.1518,38.87367,-76.966726
110010078031,"BG 1, Tract 78.03",0.4721,38.897464,-76.944508
110010078032,"BG 2, Tract 78.03",0.138,38.896265,-76.937188
110010078033,"BG 3, Tract 78.03",0.1791,38.892363,-76.936944
110010078034,"BG 4, Tract 78.03",0.2011,38.895295,-76.940835
110010078041,"BG 1, Tract 78.04",0.2748,38.898393,-76.932885
110010078042,"BG 2, Tract 78.04",0.3557,38.89545,-76.929726
110010078043,"BG 3, Tract 78.04",0.2136,38.89164,-76.932054
110010078061,"BG 1, Tract 78.06",0.294,38.905971,-76.929069
110010078062,"BG 2, Tract 78.06",0.3774,38.905298,-76.935266
110010078071,"BG 1, Tract 78.07",0.2413,38.897858,-76.918562
110010078072,"BG 2, Tract 78.07",0.2814,38.899196,-76.923208
110010078081,"BG 1, Tract 78.08",0.3057,38.892868,-76.924945
110010078082,"BG 2, Tract 78.08",0.3759,38.892827,-76.914444
110010078083,"BG 3, Tract 78.08",0.2628,38.892657,-76.920075
110010078091,"BG 1, Tract 78.09",0.2559,38.901754,-76.927889
110010078092,"BG 2, Tract 78.09",0.2793,38.901344,-76.936141
110010079011,"BG 1, Tract 79.01",0.0909,38.897653,-76.97838
110010079012,"BG 2, Tract 79.01",0.0943,38.894714,-76.979005
110010079013,"BG 3, Tract 79.01",0.0924,38.895005,-76.982199
110010079014,"BG 4, Tract 79.01",0.1243,38.898299,-76.981702
110010079031,"BG 1, Tract 79.03",0.2479,38.896425,-76.974302
110010080011,"BG 1, Tract 80.01",0.0841,38.898219,-76.985831
110010080012,"BG 2, Tract 80.01",0.1618,38.896056,-76.986942
110010080013,"BG 3, Tract 80.01",0.0769,38.894178,-76.986942
110010080021,"BG 1, Tract 80.02",0.2733,38.891153,-76.97936
110010080022,"BG 2, Tract 80.02",0.3056,38.891887,-76.9858
110010081001,"BG 1, Tract 81.00",0.0709,38.895664,-76.992119
110010081002,"BG 2, Tract 81.00",0.126,38.893398,-76.992604
110010081003,"BG 3, Tract 81.00",0.0933,38.890969,-76.992734
110010082001,"BG 1, Tract 82.00",0.0881,38.891151,-76.996861
110010082002,"BG 2, Tract 82.00",0.0621,38.890905,-77.002038
110010082003,"BG 3, Tract 82.00",0.0671,38.891445,-76.999513
110010082004,"BG 4, Tract 82.00",0.1211,38.893014,-77.003197
110010083011,"BG 1, Tract 83.01",0.1399,38.898771,-77.000978
110010083012,"BG 2, Tract 83.01",0.164,38.895559,-77.00065
110010083021,"BG 1, Tract 83.02",0.0893,38.895973,-76.996858
110010083022,"BG 2, Tract 83.02",0.0963,38.898769,-76.996705
110010083023,"BG 3, Tract 83.02",0.0753,38.893553,-76.996343
110010084021,"BG 1, Tract 84.02",0.138,38.899062,-76.988729
110010084022,"BG 2, Tract 84.02",0.1362,38.898124,-76.993342
110010084101,"BG 1, Tract 84.10",0.2199,38.901554,-76.991123
110010087011,"BG 1, Tract 87.01",0.2655,38.912938,-77.006439
110010087012,"BG 2, Tract 87.01",0.1172,38.916738,-77.00587
110010087021,"BG 1, Tract 87.02",0.241,38.918004,-77.0002
110010087022,"BG 2, Tract 87.02",0.0478,38.911595,-77.003423
110010087023,"BG 3, Tract 87.02",0.1976,38.912397,-77.002148
110010088021,"BG 1, Tract 88.02",0.0674,38.904274,-76.983236
110010088022,"BG 2, Tract 88.02",0.1275,38.90213,-76.984569
110010088023,"BG 3, Tract 88.02",0.1807,38.904025,-76.989135
110010088024,"BG 4, Tract 88.02",0.0928,38.906068,-76.987295
110010088031,"BG 1, Tract 88.03",0.3757,38.913904,-76.985344
110010088032,"BG 2, Tract 88.03",0.7925,38.908827,-76.994215
110010088041,"BG 1, Tract 88.04",0.0977,38.907246,-76.985531
110010088042,"BG 2, Tract 88.04",0.6803,38.910671,-76.980654
110010089031,"BG 1, Tract 89.03",0.0828,38.904837,-76.974227
110010089032,"BG 2, Tract 89.03",0.117,38.904685,-76.977731
110010089033,"BG 3, Tract 89.03",0.1059,38.903045,-76.980433
110010089041,"BG 1, Tract 89.04",0.1701,38.900517,-76.978049
110010089042,"BG 2, Tract 89.04",0.0857,38.902307,-76.974664
110010089043,"BG 3, Tract 89.04",0.1935,38.900801,-76.972123
110010090001,"BG 1, Tract 90.00",0.2455,38.926948,-76.960637
110010090002,"BG 2, Tract 90.00",0.6962,38.923569,-76.952289
110010090003,"BG 3, Tract 90.00",0.5169,38.920104,-76.953251
110010091021,"BG 1, Tract 91.02",0.2552,38.924061,-76.981245
110010091022,"BG 2, Tract 91.02",0.1487,38.92135,-76.982952
110010091023,"BG 3, Tract 91.02",0.7574,38.918123,-76.987203
110010091024,"BG 4, Tract 91.02",0.6549,38.916933,-76.99518
110010092011,"BG 1, Tract 92.01",0.143,38.929417,-76.995218
110010092012,"BG 2, Tract 92.01",0.4868,38.92851,-77.000135
110010092031,"BG 1, Tract 92.03",0.3614,38.922941,-77.00661
110010092032,"BG 2, Tract 92.03",0.2196,38.920382,-77.003662
110010092041,"BG 1, Tract 92.04",0.1235,38.924601,-77.000124
110010092042,"BG 2, Tract 92.04",0.185,38.922625,-76.997761
110010093011,"BG 1, Tract 93.01",0.2298,38.932494,-76.981988
110010093012,"BG 2, Tract 93.01",0.3807,38.93101,-76.99142
110010093013,"BG 3, Tract 93.01",0.2961,38.928067,-76.983623
110010093014,"BG 4, Tract 93.01",0.2024,38.932268,-76.98652
110010093021,"BG 1, Tract 93.02",0.3919,38.925164,-76.990777
110010094001,"BG 1, Tract 94.00",0.4328,38.941681,-76.974832
110010094002,"BG 2, Tract 94.00",0.4473,38.932835,-76.976966
110010094003,"BG 3, Tract 94.00",0.476,38.935388,-76.970032
110010094004,"BG 4, Tract 94.00",0.2266,38.938315,-76.976613
110010095031,"BG 1, Tract 95.03",0.6701,38.947936,-76.984804
110010095032,"BG 2, Tract 95.03",0.5261,38.939392,-76.98303
110010095033,"BG 3, Tract 95.03",0.2273,38.939593,-76.987179
110010095041,"BG 1, Tract 95.04",0.4764,38.937771,-76.992487
110010095042,"BG 2, Tract 95.04",0.5567,38.943584,-76.993647
110010095051,"BG 1, Tract 95.05",0.1719,38.962849,-77.00207
110010095052,"BG 2, Tract 95.05",0.4745,38.964276,-77.007051
110010095053,"BG 3, Tract 95.05",0.3867,38.958543,-77.00432
110010095071,"BG 1, Tract 95.07",0.2953,38.958495,-76.997779
110010095081,"BG 1, Tract 95.08",0.2498,38.955711,-76.99499
110010095082,"BG 2, Tract 95.08",0.2336,38.953486,-76.992794
110010095083,"BG 3, Tract 95.08",0.1113,38.954499,-77.001603
110010095084,"BG 4, Tract 95.08",0.3675,38.952181,-77.003725
110010095091,"BG 1, Tract 95.09",0.1784,38.950515,-76.991696
110010095092,"BG 2, Tract 95.09",0.2126,38.947854,-76.993723
110010095093,"BG 3, Tract 95.09",0.2578,38.949436,-76.99842
110010095101,"BG 1, Tract 95.10",0.5209,38.947014,-77.004049
110010095102,"BG 2, Tract 95.10",0.1552,38.94422,-77.007803
110010095103,"BG 3, Tract 95.10",0.1653,38.942429,-77.003459
110010095111,"BG 1, Tract 95.11",0.7194,38.93721,-77.001052
110010096011,"BG 1, Tract 96.01",2.0947,38.910125,-76.944323
110010096021,"BG 1, Tract 96.02",0.7603,38.90158,-76.956112
110010096022,"BG 2, Tract 96.02",0.2545,38.903731,-76.948846
110010096023,"BG 3, Tract 96.02",0.3588,38.898912,-76.950883
110010096031,"BG 1, Tract 96.03",0.2559,38.891407,-76.943402
110010096032,"BG 2, Tract 96.03",0.1924,38.89196,-76.949333
110010096033,"BG 3, Tract 96.03",0.1591,38.892348,-76.952714
110010096041,"BG 1, Tract 96.04",0.3469,38.892478,-76.959477
110010096042,"BG 2, Tract 96.04",0.2222,38.894873,-76.956035
110010097001,"BG 1, Tract 97.00",0.0892,38.830435,-76.991621
110010097002,"BG 2, Tract 97.00",0.1612,38.833611,-76.988099
110010097003,"BG 3, Tract 97.00",0.1561,38.836605,-76.990362
110010098011,"BG 1, Tract 98.01",0.4392,38.833814,-76.996317
110010098021,"BG 1, Tract 98.02",0.0866,38.831526,-76.995767
110010098022,"BG 2, Tract 98.02",0.1142,38.830128,-76.997157
110010098031,"BG 1, Tract 98.03",0.2137,38.838493,-77.002797
110010098032,"BG 2, Tract 98.03",0.1435,38.833216,-77.003739
110010098033,"BG 3, Tract 98.03",0.1776,38.834792,-77.005876
110010098041,"BG 1, Tract 98.04",0.3583,38.83927,-76.996714
110010098042,"BG 2, Tract 98.04",0.1657,38.840386,-77.000231
110010098071,"BG 1, Tract 98.07",0.5286,38.832319,-77.011367
110010098072,"BG 2, Tract 98.07",0.131,38.824847,-77.009562
110010098073,"BG 3, Tract 98.07",0.3774,38.826353,-77.013067
110010098101,"BG 1, Tract 98.10",0.2989,38.826892,-77.003799
110010098102,"BG 2, Tract 98.10",0.1135,38.828012,-77.006635
110010098111,"BG 1, Tract 98.11",0.2361,38.82634,-77.000567
110010098112,"BG 2, Tract 98.11",0.1198,38.827208,-76.995
110010098113,"BG 3, Tract 98.11",0.1116,38.826711,-76.997717
110010099011,"BG 1, Tract 99.01",0.26,38.87357,-76.96269
110010099012,"BG 2, Tract 99.01",1.842,38.875597,-76.954295
110010099021,"BG 1, Tract 99.02",1.0116,38.873141,-76.943919
110010099022,"BG 2, Tract 99.02",0.2828,38.866941,-76.946828
110010099031,"BG 1, Tract 99.03",0.1669,38.888279,-76.917814
110010099032,"BG 2, Tract 99.03",0.2168,38.888348,-76.923828
110010099041,"BG 1, Tract 99.04",0.2135,38.885853,-76.932328
110010099042,"BG 2, Tract 99.04",0.1152,38.886392,-76.92927
110010099043,"BG 3, Tract 99.04",0.0974,38.882233,-76.930727
110010099051,"BG 1, Tract 99.05",0.186,38.885484,-76.92614
110010099052,"BG 2, Tract 99.05",0.1418,38.884391,-76.922233
110010099053,"BG 3, Tract 99.05",0.1038,38.882176,-76.926955
110010099061,"BG 1, Tract 99.06",0.2527,38.887946,-76.935915
110010099071,"BG 1, Tract 99.07",0.1396,38.88088,-76.941057
110010099072,"BG 2, Tract 99.07",0.3273,38.883579,-76.937858
110010101001,"BG 1, Tract 101.00",0.1855,38.903946,-77.034953
110010101002,"BG 2, Tract 101.00",0.1457,38.902523,-77.027483
110010101003,"BG 3, Tract 101.00",0.248,38.901866,-77.032088
110010102011,"BG 1, Tract 102.01",0.0617,38.877892,-77.018754
110010102012,"BG 2, Tract 102.01",0.0656,38.877856,-77.016414
110010102013,"BG 3, Tract 102.01",0.0475,38.878184,-77.020915
110010102021,"BG 1, Tract 102.02",0.1122,38.88623,-77.019752
110010102022,"BG 2, Tract 102.02",0.1274,38.880807,-77.019725
110010102023,"BG 3, Tract 102.02",0.1659,38.886175,-77.025048
110010102024,"BG 4, Tract 102.02",0.1053,38.883612,-77.019671
110010102025,"BG 5, Tract 102.02",0.5432,38.88182,-77.027151
110010102026,"BG 6, Tract 102.02",0.1518,38.883536,-77.024924
110010103001,"BG 1, Tract 103.00",0.5861,38.974423,-77.030117
110010103002,"BG 2, Tract 103.00",0.2413,38.980358,-77.02378
110010103003,"BG 3, Tract 103.00",0.2572,38.97616,-77.023708
110010104001,"BG 1, Tract 104.00",0.5823,38.842509,-77.003318
110010104002,"BG 2, Tract 104.00",0.1582,38.846879,-77.003024
110010104003,"BG 3, Tract 104.00",1.8688,38.850768,-76.997802
110010105001,"BG 1, Tract 105.00",0.0971,38.886329,-77.015526
110010105002,"BG 2, Tract 105.00",0.0679,38.880773,-77.016374
110010105003,"BG 3, Tract 105.00",0.11,38.879502,-77.014166
110010105004,"BG 4, Tract 105.00",0.2549,38.883761,-77.013238
110010105005,"BG 5, Tract 105.00",0.22,38.879176,-77.011277
110010106011,"BG 1, Tract 106.01",0.1342,38.907894,-77.007524
110010106012,"BG 2, Tract 106.01",0.0906,38.907296,-77.004492
110010106021,"BG 1, Tract 106.02",0.078,38.90449,-76.996349
110010106022,"BG 2, Tract 106.02",0.1182,38.901966,-76.996702
110010106023,"BG 3, Tract 106.02",0.1139,38.90136,-77.001006
110010106024,"BG 4, Tract 106.02",0.2324,38.904749,-77.001157
110010106031,"BG 1, Tract 106.03",0.3081,38.899585,-77.006302
110010106032,"BG 2, Tract 106.03",0.0292,38.905165,-77.007477
110010106033,"BG 3, Tract 106.03",0.1269,38.903893,-77.006231
110010107001,"BG 1, Tract 107.00",0.6384,38.902789,-77.042105
110010107002,"BG 2, Tract 107.00",0.2532,38.907049,-77.041667
110010108001,"BG 1, Tract 108.00",0.1128,38.900567,-77.047473
110010108002,"BG 2, Tract 108.00",0.083,38.898469,-77.041682
110010108003,"BG 3, Tract 108.00",0.1235,38.897727,-77.048348
110010108004,"BG 4, Tract 108.00",0.1837,38.894948,-77.041359
110010108005,"BG 5, Tract 108.00",0.0405,38.895016,-77.044893
110010108006,"BG 6, Tract 108.00",0.118,38.897645,-77.044999
110010109001,"BG 1, Tract 109.00",0.1108,38.822108,-77.009423
110010109002,"BG 2, Tract 109.00",5.2036,38.811399,-77.025214
110010110011,"BG 1, Tract 110.01",0.0359,38.872511,-77.015557
110010110012,"BG 2, Tract 110.01",0.0587,38.875586,-77.015864
110010110013,"BG 3, Tract 110.01",0.0578,38.87375,-77.015733
110010110021,"BG 1, Tract 110.02",0.7917,38.867108,-77.018292
110010110022,"BG 2, Tract 110.02",0.0734,38.875704,-77.01963
110010111001,"BG 1, Tract 111.00",1.466,38.923559,-76.964909
110010111002,"BG 2, Tract 111.00",0.7045,38.928703,-76.971543
110010111003,"BG 3, Tract 111.00",3.914,38.911088,-76.966145
110019800001,"BG 1, Tract 9800.00",11.5102,38.880156,-77.035218
